<?xml-model href="http://www.tei-c.org/release/xml/tei/custom/schema/relaxng/tei_all.rng" type="application/xml" schematypens="http://relaxng.org/ns/structure/1.0"?> <?xml-model href="http://www.tei-c.org/release/xml/tei/custom/schema/relaxng/tei_all.rng" type="application/xml" 		schematypens="http://purl.oclc.org/dsdl/schematron"?>
<TEI xmlns="http://www.tei-c.org/ns/1.0">
  <teiHeader>
    <fileDesc>
      <titleStmt>
        <title>Wood Street Compter</title>
      </titleStmt>
      <publicationStmt>
        <publisher>Canadian Writing Research Collaboratory (CWRC)</publisher>
        <availability>
          <licence target="https://creativecommons.org/licenses/by/4.0/legalcode">
            <p/>
          </licence>
        </availability>
      </publicationStmt>
      <notesStmt>
        <note>Place entity record</note>
      </notesStmt>
      <sourceDesc>
        <p>born digital</p>
      </sourceDesc>
    </fileDesc>
  </teiHeader>
  <text>
    <body>
      <listPlace>
        <place type="http://id.lincsproject.ca/eml/PlaceOfPunishment">
          <placeName type="standard">
            <name>Wood Street Compter</name>
          </placeName>
          <placeName type="preferred" xml:lang="eng">
            <name type="full">Wood Street Compter</name>
          </placeName>
          <placeName type="variant" xml:lang="eng" role="alternate">
            <note>
              <label>Name preferred by</label>
              <desc>
                <orgName ref="https://cwrc.ca/node/131">REED London</orgName>
              </desc>
            </note>
            <name type="undefined">Wood Street Counter</name>
          </placeName>
          <location>
            <address>
              <country ref="ISO 3166-1">GBR</country>
              <region/>
            </address>
            <geo decls="#WGS">51.5153 -0.094167</geo>
          </location>
          <note type="general">Debtors' prison</note>
          <idno type="WikiData" cert="high">https://www.wikidata.org/wiki/Q8032279</idno>
          <idno type="custom">https://mapoflondon.uvic.ca/COUN1</idno>
          <idno type="custom">https://ereed.library.utoronto.ca/eats/entity/234572/</idno>
          <note type="resp_statement">
            <respons locus="value">
              <desc>
                <date type="modified" source="https://www.w3.org/TR/NOTE-datetime" when="2019-09-22"/>
                <persName ref="https://cwrc.ca/users/2558">Diane Jakacki</persName>
              </desc>
            </respons>
          </note>
          <note type="resp_statement">
            <respons locus="value">
              <desc>
                <date type="modified" source="https://www.w3.org/TR/NOTE-datetime" when="2023-02-25"/>
                <persName ref="https://cwrc.ca/user/2558">Diane Jakacki</persName>
              </desc>
            </respons>
          </note>
        </place>
      </listPlace>
    </body>
  </text>
</TEI>
