<?xml-model href="http://www.tei-c.org/release/xml/tei/custom/schema/relaxng/tei_all.rng" type="application/xml" schematypens="http://relaxng.org/ns/structure/1.0"?> <?xml-model href="http://www.tei-c.org/release/xml/tei/custom/schema/relaxng/tei_all.rng" type="application/xml" 		schematypens="http://purl.oclc.org/dsdl/schematron"?>
<TEI xmlns="http://www.tei-c.org/ns/1.0">
  <teiHeader>
    <fileDesc>
      <titleStmt>
        <title>Lincoln’s Inn</title>
      </titleStmt>
      <publicationStmt>
        <publisher>Canadian Writing Research Collaboratory (CWRC)</publisher>
        <publisher>Records of Early English Drama - London</publisher>
        <availability>
          <licence target="https://creativecommons.org/licenses/by/4.0/legalcode">
            <p/>
          </licence>
        </availability>
      </publicationStmt>
      <notesStmt>
        <note>Place entity record</note>
      </notesStmt>
      <sourceDesc>
        <p>born digital</p>
      </sourceDesc>
    </fileDesc>
  </teiHeader>
  <text>
    <body>
      <listPlace>
        <place type="http://id.lincsproject.ca/eml/InnOfCourt">
          <placeName type="standard">
            <name>Lincoln’s Inn</name>
          </placeName>
          <placeName type="preferred" xml:lang="ENG">
            <name type="full">Lincoln’s Inn</name>
          </placeName>
          <placeName type="variant" xml:lang="ENG">
            <name>Lincolnshireolles</name>
          </placeName>
          <placeName type="variant" xml:lang="ENG">
            <name>Lincolnshireolnes</name>
          </placeName>
          <placeName type="variant" xml:lang="ENG">
            <name>Lincolnshireolnesyn</name>
          </placeName>
          <placeName type="variant" xml:lang="ENG">
            <name>Lincolnshireolnesynne</name>
          </placeName>
          <placeName type="variant" xml:lang="ENG">
            <name>Lincolnshireolnns</name>
          </placeName>
          <placeName type="variant" xml:lang="ENG">
            <name>Lincolnshireolns</name>
          </placeName>
          <placeName type="variant" xml:lang="ENG">
            <name>Lincolnshireolone</name>
          </placeName>
          <placeName type="variant" xml:lang="ENG">
            <name>Lincolnshireossos</name>
          </placeName>
          <placeName type="variant" xml:lang="ENG">
            <name>Lyncolnes</name>
          </placeName>
          <placeName type="variant" xml:lang="ENG">
            <name>Lyncolns</name>
          </placeName>
          <location>
            <address>
              <country ref="ISO 3166-1">GBR</country>
              <region/>
            </address>
            <geo decls="#WGS">51.51691255 -0.1138929826</geo>
          </location>
          <idno type="WikiData" cert="high">https://www.wikidata.org/wiki/Q69482</idno>
          <idno type="custom">https://mapoflondon.uvic.ca/LINC2</idno>
          <note type="resp_statement">
            <respons locus="value">
              <desc>
                <date type="modified" source="https://www.w3.org/TR/NOTE-datetime" when="2023-02-25"/>
                <persName ref="https://cwrc.ca/user/2558">Diane Jakacki</persName>
              </desc>
            </respons>
          </note>
        </place>
      </listPlace>
    </body>
  </text>
</TEI>
