<?xml version="1.0" encoding="UTF-8"?>
<?xml-model href="http://www.tei-c.org/release/xml/tei/custom/schema/relaxng/tei_all.rng" type="application/xml" schematypens="http://relaxng.org/ns/structure/1.0"?>
<?xml-model href="http://www.tei-c.org/release/xml/tei/custom/schema/relaxng/tei_all.rng" type="application/xml" schematypens="http://purl.oclc.org/dsdl/schematron"?>
<TEI xmlns="http://www.tei-c.org/ns/1.0" xmlns:fn="fn">
   <teiHeader>
      <fileDesc>
         <titleStmt>
            <title>Bear Garden</title>
         </titleStmt>
         <publicationStmt>
            <publisher>Canadian Writing Research Collaboratory (CWRC)</publisher>
            <publisher>Records of Early English Drama - London</publisher>
            <availability>
               <licence target="https://creativecommons.org/licenses/by/4.0/legalcode">
                  <p/>
               </licence>
            </availability>
         </publicationStmt>
         <notesStmt>
            <note>Place entity record</note>
         </notesStmt>
         <sourceDesc>
            <p>born digital</p>
         </sourceDesc>
      </fileDesc>
   </teiHeader>
   <text>
      <body>
         <listPlace>
            <place type="http://id.lincsproject.ca/eml/Arena">
               <placeName type="standard">
                  <name>Bear Garden</name>
               </placeName>
               <placeName type="preferred" xml:lang="ENG">
                  <name type="full">Bear Garden</name>
               </placeName>
               <placeName type="variant" xml:lang="ENG">
                  <name>Bearegarden</name>
               </placeName>
               <location>
                  <address>
                     <country ref="ISO 3166-1">GBR</country>
                     <region/>
                  </address>
                  <geo decls="#WGS">51.50733738 -0.09572851169</geo>
               </location>
               <idno type="WikiData" cert="high">https://www.wikidata.org/wiki/Q4876722</idno>
               <idno type="custom">https://mapoflondon.uvic.ca/BEAR1</idno>
               <note type="resp_statement">
                  <respons locus="value">
                     <desc>
                        <date type="modified" source="https://www.w3.org/TR/NOTE-datetime" when="2023-02-25"/>
                        <persName ref="https://cwrc.ca/user/2558">Diane Jakacki</persName>
                     </desc>
                  </respons>
               </note>
            </place>
         </listPlace>
      </body>
   </text>
</TEI>
