<?xml-model href="http://www.tei-c.org/release/xml/tei/custom/schema/relaxng/tei_all.rng" type="application/xml" schematypens="http://relaxng.org/ns/structure/1.0"?> <?xml-model href="http://www.tei-c.org/release/xml/tei/custom/schema/relaxng/tei_all.rng" type="application/xml" 		schematypens="http://purl.oclc.org/dsdl/schematron"?>
<TEI xmlns="http://www.tei-c.org/ns/1.0">
  <teiHeader>
    <fileDesc>
      <titleStmt>
        <title>Bermondsey Street</title>
      </titleStmt>
      <publicationStmt>
        <publisher>Canadian Writing Research Collaboratory (CWRC)</publisher>
        <publisher>Records of Early English Drama - London (REED London)</publisher>
        <availability>
          <licence target="https://creativecommons.org/licenses/by/4.0/legalcode">
            <p/>
          </licence>
        </availability>
      </publicationStmt>
      <notesStmt>
        <note>Place entity record</note>
      </notesStmt>
      <sourceDesc>
        <p>born digital</p>
      </sourceDesc>
    </fileDesc>
  </teiHeader>
  <text>
    <body>
      <listPlace>
        <place type="https://id.lincsproject.ca/eml#Street">
          <placeName type="standard">
            <name>Bermondsey Street</name>
          </placeName>
          <location>
            <address>
              <country ref="ISO 3166-1">GBR</country>
              <region/>
            </address>
            <geo decls="#WGS">51.51460834 -0.103615287</geo>
          </location>
          <idno type="wikidata">http://www.wikidata.org/entity/Q64374241</idno>
          <idno type="custom">https://mapoflondon.uvic.ca/BERM1</idno>
          <note type="resp_statement">
            <respons locus="value">
              <desc>
                <date type="created" source="https://www.w3.org/TR/NOTE-datetime" when="2022-04-16"/>
                <persName ref="https://cwrc.ca/users/2558">Diane Jakacki</persName>
              </desc>
            </respons>
          </note>
          <note type="resp_statement">
            <respons locus="value">
              <desc>
                <date type="modified" source="https://www.w3.org/TR/NOTE-datetime" when="2023-02-05"/>
                <persName ref="https://cwrc.ca/user/2558">Diane Jakacki</persName>
              </desc>
            </respons>
          </note>
        </place>
      </listPlace>
    </body>
  </text>
</TEI>
