<?xml-model href="http://www.tei-c.org/release/xml/tei/custom/schema/relaxng/tei_all.rng" type="application/xml" schematypens="http://relaxng.org/ns/structure/1.0"?> <?xml-model href="http://www.tei-c.org/release/xml/tei/custom/schema/relaxng/tei_all.rng" type="application/xml" 		schematypens="http://purl.oclc.org/dsdl/schematron"?>
<TEI xmlns="http://www.tei-c.org/ns/1.0">
  <teiHeader>
    <fileDesc>
      <titleStmt>
        <title>Paul’s Cross</title>
      </titleStmt>
      <publicationStmt>
        <publisher>Canadian Writing Research Collaboratory (CWRC)</publisher>
        <publisher>Records of Early English Drama - London</publisher>
        <availability>
          <licence target="https://creativecommons.org/licenses/by/4.0/legalcode">
            <p/>
          </licence>
        </availability>
      </publicationStmt>
      <notesStmt>
        <note>Place entity record</note>
      </notesStmt>
      <sourceDesc>
        <p>born digital</p>
      </sourceDesc>
    </fileDesc>
  </teiHeader>
  <text>
    <body>
      <listPlace>
        <place type="http://id.lincsproject.ca/eml/OutdoorSpace">
          <placeName type="standard">
            <name>Paul’s Cross</name>
          </placeName>
          <placeName type="preferred" xml:lang="ENG">
            <name type="full">Paul’s Cross</name>
          </placeName>
          <location>
            <address>
              <country ref="ISO 3166-1">GBR</country>
              <region/>
            </address>
            <geo decls="#WGS">51.488687 -0.096189</geo>
          </location>
          <idno type="WikiData" cert="high">https://www.wikidata.org/wiki/Q7595163</idno>
          <idno type="custom">https://mapoflondon.uvic.ca/STPA6</idno>
          <idno type="custom">https://ereed.library.utoronto.ca/eats/entity/227076/</idno>
        </place>
      </listPlace>
    </body>
  </text>
</TEI>
