<?xml-model href="http://www.tei-c.org/release/xml/tei/custom/schema/relaxng/tei_all.rng" type="application/xml" schematypens="http://relaxng.org/ns/structure/1.0"?> <?xml-model href="http://www.tei-c.org/release/xml/tei/custom/schema/relaxng/tei_all.rng" type="application/xml" 		schematypens="http://purl.oclc.org/dsdl/schematron"?>
<TEI xmlns="http://www.tei-c.org/ns/1.0">
  <teiHeader>
    <fileDesc>
      <titleStmt>
        <title>Merchant Taylors’ Hall</title>
      </titleStmt>
      <publicationStmt>
        <publisher>Canadian Writing Research Collaboratory (CWRC)</publisher>
        <publisher>Records of Early English Drama - London (REED London)</publisher>
        <availability>
          <licence target="https://creativecommons.org/licenses/by/4.0/legalcode">
            <p/>
          </licence>
        </availability>
      </publicationStmt>
      <notesStmt>
        <note>Place entity record</note>
      </notesStmt>
      <sourceDesc>
        <p>born digital</p>
      </sourceDesc>
    </fileDesc>
  </teiHeader>
  <text>
    <body>
      <listPlace>
        <place>
          <placeName type="standard">
            <name>Merchant Taylors’ Hall</name>
          </placeName>
          <placeName type="preferred" xml:lang="ENG">
            <name type="full">Merchant Taylors’ Hall</name>
          </placeName>
          <placeName type="variant" xml:lang="ENG">
            <name>Marchantaylors</name>
          </placeName>
          <placeName type="variant" xml:lang="ENG">
            <name>Marchant Taylers</name>
          </placeName>
          <placeName type="variant" xml:lang="ENG">
            <name>Marchant Taylors</name>
          </placeName>
          <placeName type="variant" xml:lang="ENG">
            <name>Marchanttaylers</name>
          </placeName>
          <placeName type="variant" xml:lang="ENG">
            <name>Marchanttaylors</name>
          </placeName>
          <placeName type="variant" xml:lang="ENG">
            <name>Marchauntaylors</name>
          </placeName>
          <placeName type="variant" xml:lang="ENG">
            <name>Merchant Taylers</name>
          </placeName>
          <placeName type="variant" xml:lang="ENG">
            <name>Marchantailors</name>
          </placeName>
          <location>
            <address>
              <country ref="ISO 3166-1">GBR</country>
              <region/>
            </address>
            <geo decls="#WGS">51.514009 -0.085172</geo>
          </location>
          <idno type="WikiData" cert="high">https://www.wikidata.org/wiki/Q6818403</idno>
          <idno type="custom" cert="high">https://mapoflondon.uvic.ca/MERC2</idno>
          <idno type="custom" cert="high">https://ereed.library.utoronto.ca/eats/entity/231599/</idno>
          <note type="resp_statement">
            <respons locus="value">
              <desc>
                <date type="modified" source="https://www.w3.org/TR/NOTE-datetime" when="2023-02-05"/>
                <persName ref="https://cwrc.ca/user/2558">Diane Jakacki</persName>
              </desc>
            </respons>
          </note>
        </place>
      </listPlace>
    </body>
  </text>
</TEI>
