<?xml-model href="http://www.tei-c.org/release/xml/tei/custom/schema/relaxng/tei_all.rng" type="application/xml" schematypens="http://relaxng.org/ns/structure/1.0"?> <?xml-model href="http://www.tei-c.org/release/xml/tei/custom/schema/relaxng/tei_all.rng" type="application/xml" 		schematypens="http://purl.oclc.org/dsdl/schematron"?>
<TEI xmlns="http://www.tei-c.org/ns/1.0">
  <teiHeader>
    <fileDesc>
      <titleStmt>
        <title>Tiltyard at Whitehall Palace</title>
      </titleStmt>
      <publicationStmt>
        <publisher>Canadian Writing Research Collaboratory (CWRC)</publisher>
        <publisher>Records of Early English Drama - London (REED London)</publisher>
        <availability>
          <licence target="https://creativecommons.org/licenses/by/4.0/legalcode">
            <p/>
          </licence>
        </availability>
      </publicationStmt>
      <notesStmt>
        <note>Place entity record</note>
      </notesStmt>
      <sourceDesc>
        <p>born digital</p>
      </sourceDesc>
    </fileDesc>
  </teiHeader>
  <text>
    <body>
      <listPlace>
        <place type="https://id.lincsproject.ca/eml#Arena">
          <placeName type="standard">
            <name>Tiltyard at Whitehall Palace</name>
          </placeName>
          <trait type="factuality">
            <ab>real</ab>
          </trait>
          <location>
            <address>
              <country ref="ISO 3166-1">GBR</country>
              <region/>
            </address>
            <geo decls="#WGS">51.5047 -0.1283</geo>
          </location>
          <idno type="WikiData">https://www.wikidata.org/entity/Q1254964</idno>
          <idno type="custom">https://mapoflondon.uvic.ca/TILT1</idno>
          <idno type="custom"></idno>
          <note type="resp_statement">
            <respons locus="value">
              <desc>
                <date type="created" source="https://www.w3.org/TR/NOTE-datetime" when="2018-12-30"/>
                <persName ref="https://beta.cwrc.ca/users/2558">Diane Jakacki</persName>
              </desc>
            </respons>
          </note>
          <note type="resp_statement">
            <respons locus="value">
              <desc>
                <date type="modified" source="https://www.w3.org/TR/NOTE-datetime" when="2023-02-05"/>
                <persName ref="https://cwrc.ca/user/2558">Diane Jakacki</persName>
              </desc>
            </respons>
          </note>
        </place>
      </listPlace>
    </body>
  </text>
</TEI>
